"Post Text","Media URL","Publish Date","Publish Time","Link"
"🎄 Adopt Calendrier de l'été : 7 parfums 30 ml + brume Golden Kiss exclusive à 43,96€ (-55%)

Calendrier de l'été Adopt : 7 eaux de parfum 30 ml best-sellers + 1 brume Golden Kiss 200 ml en exclusivité. 43,96€ au lieu de 98,60€ (-55%) avec le code -10% supplémentaire en cours. Cumulable cashback iGraal 2,5%.

👉 https://bonsplansmania.fr/article/adopt-calendrier-ete-7-parfums-brume-golden-kiss-5495-euros-mai-2026","https://bonsplansmania.fr/images/articles/adopt-calendrier-ete-7-parfums-brume-golden-kiss-5495-euros-mai-2026.png","2026-07-07","08:15","https://bonsplansmania.fr/article/adopt-calendrier-ete-7-parfums-brume-golden-kiss-5495-euros-mai-2026"
"💄 Biotyfull XXL : Caudalie + Garancia + Weleda à 19,90 €

Biotyfull Box juillet 2026 Maxi Nouveautés : le Méga Sac Estival XXL avec le lait corps Caudalie 400 ml + les 2 nouvelles routines Garancia et Weleda, soit 14 produits d'une valeur totale de 240 € pour 19,90 € (programme 3 mois) ou 29,90 € (sans engagement).

👉 https://bonsplansmania.fr/article/biotyfull-box-juillet-2026-xxl-caudalie-garancia-weleda-19-euros","https://bonsplansmania.fr/images/articles/biotyfull-box-juillet-2026-xxl-caudalie-garancia-weleda-19-euros.png","2026-07-07","09:00","https://bonsplansmania.fr/article/biotyfull-box-juillet-2026-xxl-caudalie-garancia-weleda-19-euros"
"🔥 Amythe Sac à Dos Fille Primaire 3 Pièce, à 40,99 € sur Amazon

Bon plan Amazon : Amythe Sac à Dos Fille Primaire 3 Pièce,… à 40,99 € (note 4,3/5 sur 31 avis). Livraison rapide Prime, retours gratuits.

👉 https://bonsplansmania.fr/article/bon-plan-amazon-amythe-sac-a-dos-fille-primaire-3-piece-40-99-euros-juillet-2026","https://bonsplansmania.fr/images/amazon/amythe-sac-dos-fille-primaire-3-pi-ce-en-B0F9DZ1W4S.png","2026-07-07","09:45","https://bonsplansmania.fr/article/bon-plan-amazon-amythe-sac-a-dos-fille-primaire-3-piece-40-99-euros-juillet-2026"
"🔥 Asge Sac a Dos Scolaire Grand Sac Ecole à 30,23 € sur Amazon

Bon plan Amazon : Asge Sac a Dos Scolaire Grand Sac Ecole… à 30,23 € (note 4,6/5 sur 20 590 avis). Livraison rapide Prime, retours gratuits.

👉 https://bonsplansmania.fr/article/bon-plan-amazon-asge-sac-a-dos-scolaire-grand-sac-ecole-30-23-euros-juillet-2026","https://bonsplansmania.fr/images/amazon/asge-sac-a-dos-scolaire-grand-sac-ecole--B07WQPC32K.png","2026-07-07","10:30","https://bonsplansmania.fr/article/bon-plan-amazon-asge-sac-a-dos-scolaire-grand-sac-ecole-30-23-euros-juillet-2026"
"🔥 Bouée Bébé, Piscine Bébé avec Pare Soleil à 19,35 € sur Amazon

Bon plan Amazon : Bouée Bébé, Piscine Bébé avec Pare Soleil… à 19,35 € (note 5,0/5 sur 1 avis). Livraison rapide Prime, retours gratuits.

👉 https://bonsplansmania.fr/article/bon-plan-amazon-bouee-bebe-piscine-bebe-avec-pare-soleil-19-35-euros-juillet-2026","https://bonsplansmania.fr/images/amazon/bou-e-b-b-piscine-b-b-avec-pare-soleil-p-B0GGH2FYTB.png","2026-07-07","11:15","https://bonsplansmania.fr/article/bon-plan-amazon-bouee-bebe-piscine-bebe-avec-pare-soleil-19-35-euros-juillet-2026"
"🔥 CampAir Accessoire de Plage 2 en 1 à 149,99 € sur Amazon

Bon plan Amazon : CampAir Accessoire de Plage 2 en 1 à 149,99 € (note 4,5/5 sur 168 avis). Livraison rapide Prime, retours gratuits.

👉 https://bonsplansmania.fr/article/bon-plan-amazon-campair-accessoire-de-plage-2-en-1-149-99-euros-juillet-2026","https://bonsplansmania.fr/images/amazon/campair-accessoire-de-plage-2-en-1---cha-B09SPRK714.png","2026-07-07","12:00","https://bonsplansmania.fr/article/bon-plan-amazon-campair-accessoire-de-plage-2-en-1-149-99-euros-juillet-2026"
"🔥 Ensemble de Jeux de Plage pour Enfants, à 13,99 € sur Amazon

Bon plan Amazon : Ensemble de Jeux de Plage pour Enfants,… à 13,99 € (note 4,6/5 sur 44 avis). Livraison rapide Prime, retours gratuits.

👉 https://bonsplansmania.fr/article/bon-plan-amazon-ensemble-de-jeux-de-plage-pour-enfants-13-99-euros-juillet-2026","https://bonsplansmania.fr/images/amazon/ensemble-de-jeux-de-plage-pour-enfants-c-B0G4MS9PWG.png","2026-07-07","12:45","https://bonsplansmania.fr/article/bon-plan-amazon-ensemble-de-jeux-de-plage-pour-enfants-13-99-euros-juillet-2026"
"🔥 Géant Bouée Dinosaure, 275×115×100cm Bouee à 28,78 € sur Amazon

Bon plan Amazon : Géant Bouée Dinosaure, 275×115×100cm Bouee… à 28,78 € (note 4,1/5 sur 141 avis). Livraison rapide Prime, retours gratuits.

👉 https://bonsplansmania.fr/article/bon-plan-amazon-geant-bouee-dinosaure-275115100cm-bouee-28-78-euros-juillet-2026","https://bonsplansmania.fr/images/amazon/g-ant-bou-e-dinosaure-275-115-100cm-boue-B08QRN7JH5.png","2026-07-07","13:30","https://bonsplansmania.fr/article/bon-plan-amazon-geant-bouee-dinosaure-275115100cm-bouee-28-78-euros-juillet-2026"
"🔥 Gilet de Natation Enfants 2 à 25,99 € sur Amazon

Bon plan Amazon : Gilet de Natation Enfants 2 à 25,99 € (note 4,8/5 sur 16 avis). Livraison rapide Prime, retours gratuits.

👉 https://bonsplansmania.fr/article/bon-plan-amazon-gilet-de-natation-enfants-2-25-99-euros-juillet-2026","https://bonsplansmania.fr/images/amazon/gilet-de-natation-enfants-2-6-ans-certif-B0GQT7YSCN.png","2026-07-07","14:15","https://bonsplansmania.fr/article/bon-plan-amazon-gilet-de-natation-enfants-2-25-99-euros-juillet-2026"
"🔥 Jouets de Plage Enfants Thème Ferme 29PCS, à 18,30 € sur Amazon

Bon plan Amazon : Jouets de Plage Enfants Thème Ferme 29PCS,… à 18,30 € (note 4,5/5 sur 26 avis). Livraison rapide Prime, retours gratuits.

👉 https://bonsplansmania.fr/article/bon-plan-amazon-jouets-de-plage-enfants-theme-ferme-29pcs-18-30-euros-juillet-2026","https://bonsplansmania.fr/images/amazon/jouets-de-plage-enfants-th-me-ferme-29pc-B0GDZM6LC3.png","2026-07-07","15:00","https://bonsplansmania.fr/article/bon-plan-amazon-jouets-de-plage-enfants-theme-ferme-29pcs-18-30-euros-juillet-2026"
"🔥 La Roche à 13,21 € sur Amazon

Bon plan Amazon : La Roche à 13,21 € (note 4,7/5 sur 20 885 avis). Livraison rapide Prime, retours gratuits.

👉 https://bonsplansmania.fr/article/bon-plan-amazon-la-roche-13-21-euros-juillet-2026","https://bonsplansmania.fr/images/amazon/la-roche-posay---anthelios-uvmune-400----B01N9GJVM3.png","2026-07-07","15:45","https://bonsplansmania.fr/article/bon-plan-amazon-la-roche-13-21-euros-juillet-2026"
"🔥 LENDOO Matelas de Camping, Tapis de Camp à 24,36 € sur Amazon

Bon plan Amazon : LENDOO Matelas de Camping, Tapis de Camp… à 24,36 € (note 4,2/5 sur 67 avis). Livraison rapide Prime, retours gratuits.

👉 https://bonsplansmania.fr/article/bon-plan-amazon-lendoo-matelas-de-camping-tapis-de-camp-24-36-euros-juillet-2026","https://bonsplansmania.fr/images/amazon/lendoo-matelas-de-camping-tapis-de-camp--B0DZFP1DSK.png","2026-07-07","16:30","https://bonsplansmania.fr/article/bon-plan-amazon-lendoo-matelas-de-camping-tapis-de-camp-24-36-euros-juillet-2026"
"🔥 Outsunny Transat Bain de Soleil Pliable à 39,80 € sur Amazon

Bon plan Amazon : Outsunny Transat Bain de Soleil Pliable… à 39,80 € (note 3,8/5 sur 325 avis). Livraison rapide Prime, retours gratuits.

👉 https://bonsplansmania.fr/article/bon-plan-amazon-outsunny-transat-bain-de-soleil-pliable-39-80-euros-juillet-2026","https://bonsplansmania.fr/images/amazon/outsunny-transat-bain-de-soleil-pliable--B07PPHR99J.png","2026-07-07","17:15","https://bonsplansmania.fr/article/bon-plan-amazon-outsunny-transat-bain-de-soleil-pliable-39-80-euros-juillet-2026"
"🔥 Remington Tondeuse Barbe [Multifonction 10 à 22,99 € sur Amazon

Bon plan Amazon : Remington Tondeuse Barbe [Multifonction 10… à 22,99 € (note 4,0/5 sur 4 809 avis). Livraison rapide Prime, retours gratuits.

👉 https://bonsplansmania.fr/article/bon-plan-amazon-remington-tondeuse-barbe-multifonction-10-22-99-euros-juillet-2026","https://bonsplansmania.fr/images/amazon/remington-tondeuse-barbe-multifonction-1-B0076Z6PLA.png","2026-07-07","18:00","https://bonsplansmania.fr/article/bon-plan-amazon-remington-tondeuse-barbe-multifonction-10-22-99-euros-juillet-2026"
"🔥 SONGMICS Chaises de Camping, Chaises de à 39,99 € sur Amazon

Bon plan Amazon : SONGMICS Chaises de Camping, Chaises de… à 39,99 € (note 4,2/5 sur 86 avis). Livraison rapide Prime, retours gratuits.

👉 https://bonsplansmania.fr/article/bon-plan-amazon-songmics-chaises-de-camping-chaises-de-39-99-euros-juillet-2026","https://bonsplansmania.fr/images/amazon/songmics-chaises-de-camping-chaises-de-p-B0FRRJLKRP.png","2026-07-07","18:45","https://bonsplansmania.fr/article/bon-plan-amazon-songmics-chaises-de-camping-chaises-de-39-99-euros-juillet-2026"
"🔥 SONGMICS Chariot de Transport Pliable, à 39,09 € sur Amazon

Bon plan Amazon : SONGMICS Chariot de Transport Pliable,… à 39,09 € (note 4,7/5 sur 961 avis). Livraison rapide Prime, retours gratuits.

👉 https://bonsplansmania.fr/article/bon-plan-amazon-songmics-chariot-de-transport-pliable-39-09-euros-juillet-2026","https://bonsplansmania.fr/images/amazon/songmics-chariot-de-transport-pliable-ch-B0FTZBB4LV.png","2026-07-07","19:30","https://bonsplansmania.fr/article/bon-plan-amazon-songmics-chariot-de-transport-pliable-39-09-euros-juillet-2026"
"🔥 STABILO BOSS ORIGINAL à 17,99 € sur Amazon

Bon plan Amazon : STABILO BOSS ORIGINAL à 17,99 € (note 4,8/5 sur 35 296 avis). Livraison rapide Prime, retours gratuits.

👉 https://bonsplansmania.fr/article/bon-plan-amazon-stabilo-boss-original-17-99-euros-juillet-2026","https://bonsplansmania.fr/images/amazon/stabilo-boss-original---surligneur---set-B0757Q314Q.png","2026-07-07","20:15","https://bonsplansmania.fr/article/bon-plan-amazon-stabilo-boss-original-17-99-euros-juillet-2026"
"🔥 STABILO BOSS ORIGINAL à 19,99 € sur Amazon

Bon plan Amazon : STABILO BOSS ORIGINAL à 19,99 € (note 4,8/5 sur 35 296 avis). Livraison rapide Prime, retours gratuits.

👉 https://bonsplansmania.fr/article/bon-plan-amazon-stabilo-boss-original-19-99-euros-juillet-2026","https://bonsplansmania.fr/images/amazon/stabilo-boss-original---surligneur---set-B0CQL6TDPN.png","2026-07-07","21:00","https://bonsplansmania.fr/article/bon-plan-amazon-stabilo-boss-original-19-99-euros-juillet-2026"
"🔥 tectake® Chaise Pliante Camping Fauteuil à 29,88 € sur Amazon

Bon plan Amazon : tectake® Chaise Pliante Camping Fauteuil… à 29,88 € (note 4,2/5 sur 1 091 avis). Livraison rapide Prime, retours gratuits.

👉 https://bonsplansmania.fr/article/bon-plan-amazon-tectake-chaise-pliante-camping-fauteuil-29-88-euros-juillet-2026","https://bonsplansmania.fr/images/amazon/tectake-chaise-pliante-camping-fauteuil--B00PLFD7HM.png","2026-07-08","08:15","https://bonsplansmania.fr/article/bon-plan-amazon-tectake-chaise-pliante-camping-fauteuil-29-88-euros-juillet-2026"
"🔥 Vichy à 11,03 € sur Amazon

Bon plan Amazon : Vichy à 11,03 € (note 4,5/5 sur 1 014 avis). Livraison rapide Prime, retours gratuits.

👉 https://bonsplansmania.fr/article/bon-plan-amazon-vichy-11-03-euros-juillet-2026","https://bonsplansmania.fr/images/amazon/vichy--capital-soleil---cr-me-solaire-an-B079HXG21K.png","2026-07-08","09:00","https://bonsplansmania.fr/article/bon-plan-amazon-vichy-11-03-euros-juillet-2026"
"🔥 Vichy à 15,68 € sur Amazon

Bon plan Amazon : Vichy à 15,68 € (note 4,7/5 sur 465 avis). Livraison rapide Prime, retours gratuits.

👉 https://bonsplansmania.fr/article/bon-plan-amazon-vichy-15-68-euros-juillet-2026","https://bonsplansmania.fr/images/amazon/vichy---capitail-soleil-eau-de-protectio-B0851HY12B.png","2026-07-08","09:45","https://bonsplansmania.fr/article/bon-plan-amazon-vichy-15-68-euros-juillet-2026"
"🔥 Vichy Capital Soleil UV Aqua Spray SPF50 à 17,14 € sur Amazon

Bon plan Amazon : Vichy Capital Soleil UV Aqua Spray SPF50… à 17,14 € (note 4,3/5 sur 77 avis). Livraison rapide Prime, retours gratuits.

👉 https://bonsplansmania.fr/article/bon-plan-amazon-vichy-capital-soleil-uv-aqua-spray-spf50-17-14-euros-juillet-2026","https://bonsplansmania.fr/images/amazon/vichy-capital-soleil-uv-aqua-spray-spf50-B0GJD4R6QD.png","2026-07-08","10:30","https://bonsplansmania.fr/article/bon-plan-amazon-vichy-capital-soleil-uv-aqua-spray-spf50-17-14-euros-juillet-2026"
"🔥 Vichy, Minéral 89, Fluide Quotidien Boost à 19,97 € sur Amazon

Bon plan Amazon : Vichy, Minéral 89, Fluide Quotidien Boost… à 19,97 € (note 4,5/5 sur 267 avis). Livraison rapide Prime, retours gratuits.

👉 https://bonsplansmania.fr/article/bon-plan-amazon-vichy-mineral-89-fluide-quotidien-boost-19-97-euros-juillet-2026","https://bonsplansmania.fr/images/amazon/vichy-min-ral-89-fluide-quotidien-boost--B0D234Q2R5.png","2026-07-08","11:15","https://bonsplansmania.fr/article/bon-plan-amazon-vichy-mineral-89-fluide-quotidien-boost-19-97-euros-juillet-2026"
"🔥 Bon Plan Amazon : Épilateur Braun Silk-épil 9 à 99,99€

L'épilateur Braun Silk-épil 9 9-030 avec tête pivotante, tête rasoir, sabot tondeuse et rouleaux de massage à 99,99€ sur Amazon. Note 4,1/5 sur 1 232 avis.

👉 https://bonsplansmania.fr/article/bon-plan-braun-silk-epil-9-89-euros-au-lieu-de-150","https://bonsplansmania.fr/images/articles/bon-plan-braun-silk-epil-9-89-euros-au-lieu-de-150.png","2026-07-08","12:00","https://bonsplansmania.fr/article/bon-plan-braun-silk-epil-9-89-euros-au-lieu-de-150"
"🔥 Complément hyaluronique + vitamine C Ricaud à 14,00 €

Bon plan Dr Pierre Ricaud : complément alimentaire acide hyaluronique + vitamine c à 14,00 € (note 4.3/5 sur 202 avis). Offre 10 € offerts dès 60 € d'achat jusqu'au dimanche 5 juillet 2026 minuit + cashback iGraal boosté jusqu'à 5,5 %.

👉 https://bonsplansmania.fr/article/bon-plan-dr-pierre-ricaud-complement-alimentaire-acide-hyaluronique-vitamine-c-14-euros-juillet-2026","https://bonsplansmania.fr/images/articles/bon-plan-dr-pierre-ricaud-complement-alimentaire-acide-hyaluronique-vitamine-c-14-euros-juillet-2026.png","2026-07-08","12:45","https://bonsplansmania.fr/article/bon-plan-dr-pierre-ricaud-complement-alimentaire-acide-hyaluronique-vitamine-c-14-euros-juillet-2026"
"🔥 Contour yeux anti-rides comblant Ricaud à 15,40 €

Bon plan Dr Pierre Ricaud : contour yeux anti-rides comblant à 15,40 € (note 4.5/5 sur 1139 avis). Offre 10 € offerts dès 60 € d'achat jusqu'au dimanche 5 juillet 2026 minuit + cashback iGraal boosté jusqu'à 5,5 %.

👉 https://bonsplansmania.fr/article/bon-plan-dr-pierre-ricaud-contour-yeux-anti-rides-comblant-15-40-euros-juillet-2026","https://bonsplansmania.fr/images/articles/bon-plan-dr-pierre-ricaud-contour-yeux-anti-rides-comblant-15-40-euros-juillet-2026.png","2026-07-08","13:30","https://bonsplansmania.fr/article/bon-plan-dr-pierre-ricaud-contour-yeux-anti-rides-comblant-15-40-euros-juillet-2026"
"🔥 Contour yeux défroisseur Dr Pierre Ricaud à 12,00 €

Bon plan Dr Pierre Ricaud : contour yeux défroisseur lissant hydratant à 12,00 € (note 4.3/5 sur 455 avis). Offre 10 € offerts dès 60 € d'achat jusqu'au dimanche 5 juillet 2026 minuit + cashback iGraal boosté jusqu'à 5,5 %.

👉 https://bonsplansmania.fr/article/bon-plan-dr-pierre-ricaud-contour-yeux-defroisseur-12-euros-juillet-2026","https://bonsplansmania.fr/images/articles/bon-plan-dr-pierre-ricaud-contour-yeux-defroisseur-12-euros-juillet-2026.png","2026-07-08","14:15","https://bonsplansmania.fr/article/bon-plan-dr-pierre-ricaud-contour-yeux-defroisseur-12-euros-juillet-2026"
"🔥 Crème anti-rides SPF30 Dr Pierre Ricaud à 21,50 €

Bon plan Dr Pierre Ricaud : crème anti-rides spf30 à 21,50 € (note 4.6/5 sur 880 avis). Offre 10 € offerts dès 60 € d'achat jusqu'au dimanche 5 juillet 2026 minuit + cashback iGraal boosté jusqu'à 5,5 %.

👉 https://bonsplansmania.fr/article/bon-plan-dr-pierre-ricaud-creme-anti-rides-spf30-21-50-euros-juillet-2026","https://bonsplansmania.fr/images/articles/bon-plan-dr-pierre-ricaud-creme-anti-rides-spf30-21-50-euros-juillet-2026.png","2026-07-08","15:00","https://bonsplansmania.fr/article/bon-plan-dr-pierre-ricaud-creme-anti-rides-spf30-21-50-euros-juillet-2026"
"🔥 Crème lifting cou & décolleté Dr Pierre Ricaud à 12,70 €

Bon plan Dr Pierre Ricaud : crème lifting cou et décolleté à 12,70 € (note 4.6/5 sur 2661 avis). Offre 10 € offerts dès 60 € d'achat jusqu'au dimanche 5 juillet 2026 minuit + cashback iGraal boosté jusqu'à 5,5 %.

👉 https://bonsplansmania.fr/article/bon-plan-dr-pierre-ricaud-creme-lifting-cou-decollete-12-70-euros-juillet-2026","https://bonsplansmania.fr/images/articles/bon-plan-dr-pierre-ricaud-creme-lifting-cou-decollete-12-70-euros-juillet-2026.png","2026-07-08","15:45","https://bonsplansmania.fr/article/bon-plan-dr-pierre-ricaud-creme-lifting-cou-decollete-12-70-euros-juillet-2026"
"🔥 Crème de nuit Collector 40 ans Dr Pierre Ricaud à 25,90 €

Bon plan Dr Pierre Ricaud : crème de nuit régénération suprême collector à 25,90 € (note 4.7/5 sur 2741 avis). Offre 10 € offerts dès 60 € d'achat jusqu'au dimanche 5 juillet 2026 minuit + cashback iGraal boosté jusqu'à 5,5 %.

👉 https://bonsplansmania.fr/article/bon-plan-dr-pierre-ricaud-creme-nuit-collector-40-ans-25-90-euros-juillet-2026","https://bonsplansmania.fr/images/articles/bon-plan-dr-pierre-ricaud-creme-nuit-collector-40-ans-25-90-euros-juillet-2026.png","2026-07-08","16:30","https://bonsplansmania.fr/article/bon-plan-dr-pierre-ricaud-creme-nuit-collector-40-ans-25-90-euros-juillet-2026"
"🔥 Cure lifting ovale du visage Dr Pierre Ricaud à 30,60 €

Bon plan Dr Pierre Ricaud : cure lifting affinante ovale visage à 30,60 € (note 4.4/5 sur 306 avis). Offre 10 € offerts dès 60 € d'achat jusqu'au dimanche 5 juillet 2026 minuit + cashback iGraal boosté jusqu'à 5,5 %.

👉 https://bonsplansmania.fr/article/bon-plan-dr-pierre-ricaud-cure-lifting-ovale-visage-30-60-euros-juillet-2026","https://bonsplansmania.fr/images/articles/bon-plan-dr-pierre-ricaud-cure-lifting-ovale-visage-30-60-euros-juillet-2026.png","2026-07-08","17:15","https://bonsplansmania.fr/article/bon-plan-dr-pierre-ricaud-cure-lifting-ovale-visage-30-60-euros-juillet-2026"
"🔥 Eau de soin énergisante corps Ricaud à 23,50 €

Bon plan Dr Pierre Ricaud : eau de soin énergisante corps à 23,50 € (note 4.2/5 sur 111 avis). Offre 10 € offerts dès 60 € d'achat jusqu'au dimanche 5 juillet 2026 minuit + cashback iGraal boosté jusqu'à 5,5 %.

👉 https://bonsplansmania.fr/article/bon-plan-dr-pierre-ricaud-eau-de-soin-energisante-corps-23-50-euros-juillet-2026","https://bonsplansmania.fr/images/articles/bon-plan-dr-pierre-ricaud-eau-de-soin-energisante-corps-23-50-euros-juillet-2026.png","2026-07-08","18:00","https://bonsplansmania.fr/article/bon-plan-dr-pierre-ricaud-eau-de-soin-energisante-corps-23-50-euros-juillet-2026"
"🔥 Eau micellaire démaquillante Dr Pierre Ricaud à 8,40 €

Bon plan Dr Pierre Ricaud : eau micellaire démaquillante visage yeux lèvres à 8,40 € (note 4.6/5 sur 765 avis). Offre 10 € offerts dès 60 € d'achat jusqu'au dimanche 5 juillet 2026 minuit + cashback iGraal boosté jusqu'à 5,5 %.

👉 https://bonsplansmania.fr/article/bon-plan-dr-pierre-ricaud-eau-micellaire-demaquillante-8-40-euros-juillet-2026","https://bonsplansmania.fr/images/articles/bon-plan-dr-pierre-ricaud-eau-micellaire-demaquillante-8-40-euros-juillet-2026.png","2026-07-08","18:45","https://bonsplansmania.fr/article/bon-plan-dr-pierre-ricaud-eau-micellaire-demaquillante-8-40-euros-juillet-2026"
"🔥 Fard paupières or rose satiné Ricaud à 9,60 €

Bon plan Dr Pierre Ricaud : fard à paupières lissant or rose satiné à 9,60 € (note 4.1/5 sur 325 avis). Offre 10 € offerts dès 60 € d'achat jusqu'au dimanche 5 juillet 2026 minuit + cashback iGraal boosté jusqu'à 5,5 %.

👉 https://bonsplansmania.fr/article/bon-plan-dr-pierre-ricaud-fard-paupieres-or-rose-satine-9-60-euros-juillet-2026","https://bonsplansmania.fr/images/articles/bon-plan-dr-pierre-ricaud-fard-paupieres-or-rose-satine-9-60-euros-juillet-2026.png","2026-07-08","19:30","https://bonsplansmania.fr/article/bon-plan-dr-pierre-ricaud-fard-paupieres-or-rose-satine-9-60-euros-juillet-2026"
"🔥 eBuyClub CashBack Coupons : +60 Produits Remboursés Chaque Semaine sur vos Courses

Avec les CashBack Coupons eBuyClub, économisez sur vos courses du quotidien : alimentation, beauté, bébé, entretien. +60 coupons dispo chaque semaine, remboursement automatique.

👉 https://bonsplansmania.fr/article/bon-plan-ebuyclub-cashback-coupons-60-remboursements-courses-2026","https://bonsplansmania.fr/images/articles/bon-plan-ebuyclub-cashback-coupons-60-remboursements-courses-2026.png","2026-07-08","20:15","https://bonsplansmania.fr/article/bon-plan-ebuyclub-cashback-coupons-60-remboursements-courses-2026"
"🔥 Bon Plan Envie de Plus : Jusqu'à 100% Remboursé sur Ariel, Pampers, Gillette, Oral-B…

Envie de Plus rembourse jusqu'à 100% de vos produits du quotidien : Ariel, Pampers, Gillette, Oral-B, Swiffer… 46 offres actives, virement bancaire. 100% gratuit.

👉 https://bonsplansmania.fr/article/bon-plan-envie-de-plus-remboursement-100-pourcent-produits-pg-2026","https://bonsplansmania.fr/images/articles/bon-plan-envie-de-plus-remboursement-100-pourcent-produits-pg-2026.png","2026-07-08","21:00","https://bonsplansmania.fr/article/bon-plan-envie-de-plus-remboursement-100-pourcent-produits-pg-2026"
"🔥 Coffret découverte Christophe Robin 4 best-sellers à 52,00 €

Bon plan Lookfantastic : Christophe Robin Bestsellers Discovery Bundle à 52,00 €. Livraison offerte dès 25 € + cashback iGraal empilable.

👉 https://bonsplansmania.fr/article/bon-plan-lookfantastic-christophe-robin-bestsellers-discovery-bundle-52-euros-juillet-2026","https://bonsplansmania.fr/images/articles/bon-plan-lookfantastic-christophe-robin-bestsellers-discovery-bundle-52-euros-juillet-2026.png","2026-07-09","08:15","https://bonsplansmania.fr/article/bon-plan-lookfantastic-christophe-robin-bestsellers-discovery-bundle-52-euros-juillet-2026"
"🔥 Coffret Elizabeth Arden Prestige 3 parfums à 17,25 €

Bon plan Lookfantastic : Elizabeth Arden Prestige Fragrance Coffret 3-Piece à 17,25 €. Livraison offerte dès 25 € + cashback iGraal empilable.

👉 https://bonsplansmania.fr/article/bon-plan-lookfantastic-elizabeth-arden-prestige-fragrance-coffret-3-piece-17-25-euros-juillet-2026","https://bonsplansmania.fr/images/articles/bon-plan-lookfantastic-elizabeth-arden-prestige-fragrance-coffret-3-piece-17-25-euros-juillet-2026.png","2026-07-09","09:00","https://bonsplansmania.fr/article/bon-plan-lookfantastic-elizabeth-arden-prestige-fragrance-coffret-3-piece-17-25-euros-juillet-2026"
"🔥 Eucerin Sun Face SPF50+ toucher sec à 17,25 €

Bon plan Lookfantastic : Eucerin Sun Face Oil Control Gel-Crème SPF50 50 ml à 17,25 €. Livraison offerte dès 25 € + cashback iGraal empilable.

👉 https://bonsplansmania.fr/article/bon-plan-lookfantastic-eucerin-sun-face-oil-control-spf50-17-25-euros-juillet-2026","https://bonsplansmania.fr/images/articles/bon-plan-lookfantastic-eucerin-sun-face-oil-control-spf50-17-25-euros-juillet-2026.png","2026-07-09","09:45","https://bonsplansmania.fr/article/bon-plan-lookfantastic-eucerin-sun-face-oil-control-spf50-17-25-euros-juillet-2026"
"🔥 La Roche-Posay Anthelios UVMune 400 SPF50 à 19,32 €

Bon plan Lookfantastic : La Roche-Posay Anthelios UVMune 400 SPF50 50 ml à 19,32 €. Note 4.8/5 sur 5 avis. Livraison offerte dès 25 € + cashback iGraal empilable.

👉 https://bonsplansmania.fr/article/bon-plan-lookfantastic-la-roche-posay-anthelios-uvmune-400-spf50-19-32-euros-juillet-2026","https://bonsplansmania.fr/images/articles/bon-plan-lookfantastic-la-roche-posay-anthelios-uvmune-400-spf50-19-32-euros-juillet-2026.png","2026-07-09","10:30","https://bonsplansmania.fr/article/bon-plan-lookfantastic-la-roche-posay-anthelios-uvmune-400-spf50-19-32-euros-juillet-2026"
"🔥 Lancaster Sun-Kissed autobronzant gouttes à 19,32 €

Bon plan Lookfantastic : Lancaster Self Tan Sun-Kissed Face Drops 15 ml à 19,32 €. Note 1/5 sur 1 avis. Livraison offerte dès 25 € + cashback iGraal empilable.

👉 https://bonsplansmania.fr/article/bon-plan-lookfantastic-lancaster-self-tan-sun-kissed-face-drops-19-32-euros-juillet-2026","https://bonsplansmania.fr/images/articles/bon-plan-lookfantastic-lancaster-self-tan-sun-kissed-face-drops-19-32-euros-juillet-2026.png","2026-07-09","11:15","https://bonsplansmania.fr/article/bon-plan-lookfantastic-lancaster-self-tan-sun-kissed-face-drops-19-32-euros-juillet-2026"
"🔥 Marc Jacobs Daisy Eau de Toilette 30 ml à 66,41 €

Bon plan Lookfantastic : Marc Jacobs Daisy Eau de Toilette 30 ml à 66,41 €. Note 5/5 sur 1 avis. Livraison offerte dès 25 € + cashback iGraal empilable.

👉 https://bonsplansmania.fr/article/bon-plan-lookfantastic-marc-jacobs-daisy-eau-de-toilette-30ml-66-41-euros-juillet-2026","https://bonsplansmania.fr/images/articles/bon-plan-lookfantastic-marc-jacobs-daisy-eau-de-toilette-30ml-66-41-euros-juillet-2026.png","2026-07-09","12:00","https://bonsplansmania.fr/article/bon-plan-lookfantastic-marc-jacobs-daisy-eau-de-toilette-30ml-66-41-euros-juillet-2026"
"🔥 Maybelline Express Brow Fast Sculpt mascara à 7,35 €

Bon plan Lookfantastic : Maybelline Express Brow Fast Sculpt Eyebrow Mascara à 7,35 €. Livraison offerte dès 25 € + cashback iGraal empilable.

👉 https://bonsplansmania.fr/article/bon-plan-lookfantastic-maybelline-express-brow-fast-sculpt-7-35-euros-juillet-2026","https://bonsplansmania.fr/images/articles/bon-plan-lookfantastic-maybelline-express-brow-fast-sculpt-7-35-euros-juillet-2026.png","2026-07-09","12:45","https://bonsplansmania.fr/article/bon-plan-lookfantastic-maybelline-express-brow-fast-sculpt-7-35-euros-juillet-2026"
"🔥 Maybelline Fit Me anti-cernes à 6,43 €

Bon plan Lookfantastic : Maybelline Anti-Cernes Fit Me! à 6,43 €. Note 4.2/5 sur 9 avis. Livraison offerte dès 25 € + cashback iGraal empilable.

👉 https://bonsplansmania.fr/article/bon-plan-lookfantastic-maybelline-fit-me-anti-cernes-6-43-euros-juillet-2026","https://bonsplansmania.fr/images/articles/bon-plan-lookfantastic-maybelline-fit-me-anti-cernes-6-43-euros-juillet-2026.png","2026-07-09","13:30","https://bonsplansmania.fr/article/bon-plan-lookfantastic-maybelline-fit-me-anti-cernes-6-43-euros-juillet-2026"
"🔥 NEOM coffret découverte huiles essentielles à 32,20 €

Bon plan Lookfantastic : NEOM Essential Oil Blend Scent Discovery Set à 32,20 €. Livraison offerte dès 25 € + cashback iGraal empilable.

👉 https://bonsplansmania.fr/article/bon-plan-lookfantastic-neom-essential-oil-blend-scent-discovery-set-32-20-euros-juillet-2026","https://bonsplansmania.fr/images/articles/bon-plan-lookfantastic-neom-essential-oil-blend-scent-discovery-set-32-20-euros-juillet-2026.png","2026-07-09","14:15","https://bonsplansmania.fr/article/bon-plan-lookfantastic-neom-essential-oil-blend-scent-discovery-set-32-20-euros-juillet-2026"
"🔥 NuFACE Mini+ Starter Kit Sandy Rose à 280,60 €

Bon plan Lookfantastic : NuFACE Mini+ Starter Kit Sandy Rose à 280,60 €. Livraison offerte dès 25 € + cashback iGraal empilable.

👉 https://bonsplansmania.fr/article/bon-plan-lookfantastic-nuface-mini-starter-kit-sandy-rose-280-60-euros-juillet-2026","https://bonsplansmania.fr/images/articles/bon-plan-lookfantastic-nuface-mini-starter-kit-sandy-rose-280-60-euros-juillet-2026.png","2026-07-09","15:00","https://bonsplansmania.fr/article/bon-plan-lookfantastic-nuface-mini-starter-kit-sandy-rose-280-60-euros-juillet-2026"
"🔥 NuFACE Trinity+ set lèvres & yeux à 418,31 €

Bon plan Lookfantastic : NuFACE Trinity+ and Effective Lip & Eye Attachment Set à 418,31 €. Livraison offerte dès 25 € + cashback iGraal empilable.

👉 https://bonsplansmania.fr/article/bon-plan-lookfantastic-nuface-trinity-lip-eye-attachment-set-418-31-euros-juillet-2026","https://bonsplansmania.fr/images/articles/bon-plan-lookfantastic-nuface-trinity-lip-eye-attachment-set-418-31-euros-juillet-2026.png","2026-07-09","15:45","https://bonsplansmania.fr/article/bon-plan-lookfantastic-nuface-trinity-lip-eye-attachment-set-418-31-euros-juillet-2026"
"🔥 Olaplex No. 7 huile capillaire à 42,00 €

Bon plan Lookfantastic : Olaplex No. 7 Bonding Oil 30 ml à 42,00 €. Note 5/5 sur 1 avis. Livraison offerte dès 25 € + cashback iGraal empilable.

👉 https://bonsplansmania.fr/article/bon-plan-lookfantastic-olaplex-no-7-huile-cheveux-42-euros-juillet-2026","https://bonsplansmania.fr/images/articles/bon-plan-lookfantastic-olaplex-no-7-huile-cheveux-42-euros-juillet-2026.png","2026-07-09","16:30","https://bonsplansmania.fr/article/bon-plan-lookfantastic-olaplex-no-7-huile-cheveux-42-euros-juillet-2026"
"🔥 Rimmel Lasting Finish 25H sérum fond de teint à 11,49 €

Bon plan Lookfantastic : Rimmel London Lasting Finish 25H Serum Foundation à 11,49 €. Livraison offerte dès 25 € + cashback iGraal empilable.

👉 https://bonsplansmania.fr/article/bon-plan-lookfantastic-rimmel-lasting-finish-25h-serum-foundation-11-49-euros-juillet-2026","https://bonsplansmania.fr/images/articles/bon-plan-lookfantastic-rimmel-lasting-finish-25h-serum-foundation-11-49-euros-juillet-2026.png","2026-07-09","17:15","https://bonsplansmania.fr/article/bon-plan-lookfantastic-rimmel-lasting-finish-25h-serum-foundation-11-49-euros-juillet-2026"
"🔥 Rio kit extension ongles gel UV à 11,50 €

Bon plan Lookfantastic : Rio Kit d'Extension d'Ongles Gel UV à 11,50 €. Livraison offerte dès 25 € + cashback iGraal empilable.

👉 https://bonsplansmania.fr/article/bon-plan-lookfantastic-rio-uv-nail-gel-extension-kit-11-50-euros-juillet-2026","https://bonsplansmania.fr/images/articles/bon-plan-lookfantastic-rio-uv-nail-gel-extension-kit-11-50-euros-juillet-2026.png","2026-07-09","18:00","https://bonsplansmania.fr/article/bon-plan-lookfantastic-rio-uv-nail-gel-extension-kit-11-50-euros-juillet-2026"
"🔥 Sol de Janeiro Bom Dia Jet Set coffret voyage à 22,50 €

Bon plan Lookfantastic : Sol de Janeiro Bom Dia Jet Set Coffret à 22,50 €. Note 2.5/5 sur 2 avis. Livraison offerte dès 25 € + cashback iGraal empilable.

👉 https://bonsplansmania.fr/article/bon-plan-lookfantastic-sol-de-janeiro-bom-dia-jet-set-coffret-22-50-euros-juillet-2026","https://bonsplansmania.fr/images/articles/bon-plan-lookfantastic-sol-de-janeiro-bom-dia-jet-set-coffret-22-50-euros-juillet-2026.png","2026-07-09","18:45","https://bonsplansmania.fr/article/bon-plan-lookfantastic-sol-de-janeiro-bom-dia-jet-set-coffret-22-50-euros-juillet-2026"
"🔥 The Ordinary sérum rétinol squalane à 5,11 €

Bon plan Lookfantastic : The Ordinary Sérum Rétinol 0,2 % dans Squalane 30 ml à 5,11 €. Note 4.6/5 sur 5 avis. Livraison offerte dès 25 € + cashback iGraal empilable.

👉 https://bonsplansmania.fr/article/bon-plan-lookfantastic-the-ordinary-serum-retinol-0-2-squalane-5-11-euros-juillet-2026","https://bonsplansmania.fr/images/articles/bon-plan-lookfantastic-the-ordinary-serum-retinol-0-2-squalane-5-11-euros-juillet-2026.png","2026-07-09","19:30","https://bonsplansmania.fr/article/bon-plan-lookfantastic-the-ordinary-serum-retinol-0-2-squalane-5-11-euros-juillet-2026"
"🔥 YSL Make Me Blush poudre à 40,48 €

Bon plan Lookfantastic : Yves Saint Laurent Make Me Blush 5g à 40,48 €. Note 5/5 sur 2 avis. Livraison offerte dès 25 € + cashback iGraal empilable.

👉 https://bonsplansmania.fr/article/bon-plan-lookfantastic-ysl-make-me-blush-40-48-euros-juillet-2026","https://bonsplansmania.fr/images/articles/bon-plan-lookfantastic-ysl-make-me-blush-40-48-euros-juillet-2026.png","2026-07-09","20:15","https://bonsplansmania.fr/article/bon-plan-lookfantastic-ysl-make-me-blush-40-48-euros-juillet-2026"
"🔥 Coffret Magnifaïk Embellisseur + Pinceau à 55,20 €

Coffret Magnifaïk Embellisseur de Teint + Pinceau à 55,20 € au lieu de 69,00 € (-20 %). Cumulable avec code -10 % newsletter. Contenu : Embellisseur C'est la base + Pinceau conçu par Magnifaïk. Marque Cristina Cordula française.

👉 https://bonsplansmania.fr/article/bon-plan-magnifaik-coffret-embellisseur-teint-pinceau-55-20-euros-juillet-2026","https://bonsplansmania.fr/images/articles/bon-plan-magnifaik-coffret-embellisseur-teint-pinceau-55-20-euros-juillet-2026.png","2026-07-09","21:00","https://bonsplansmania.fr/article/bon-plan-magnifaik-coffret-embellisseur-teint-pinceau-55-20-euros-juillet-2026"
"🔥 Coffret Magnifaïk Essentiels Teint SPF30 à 81,00 €

Coffret Magnifaïk Essentiels Teint SPF30 à 81,00 € au lieu de 108,00 € (-25 %). Cumulable avec code -10 % newsletter. Contenu : Embellisseur C'est la base SPF30 + Fond de teint Juste Parfait + Pinceau. Marque Cristina Cordula française.

👉 https://bonsplansmania.fr/article/bon-plan-magnifaik-coffret-essentiels-teint-spf30-embellisseur-fond-teint-81-euros-juillet-2026","https://bonsplansmania.fr/images/articles/bon-plan-magnifaik-coffret-essentiels-teint-spf30-embellisseur-fond-teint-81-euros-juillet-2026.png","2026-07-10","08:15","https://bonsplansmania.fr/article/bon-plan-magnifaik-coffret-essentiels-teint-spf30-embellisseur-fond-teint-81-euros-juillet-2026"
"🔥 Coffret Magnifaïk Flash Glam à 69,75 € (-25%)

Coffret Magnifaïk Flash Glam à 69,75 € au lieu de 93,00 € (-25 %). Cumulable avec code -10 % newsletter. Contenu : Embellisseur de teint + Blush + Rouge à lèvres. Marque Cristina Cordula française.

👉 https://bonsplansmania.fr/article/bon-plan-magnifaik-coffret-flash-glam-embellisseur-blush-rouge-levres-69-75-euros-juillet-2026","https://bonsplansmania.fr/images/articles/bon-plan-magnifaik-coffret-flash-glam-embellisseur-blush-rouge-levres-69-75-euros-juillet-2026.png","2026-07-10","09:00","https://bonsplansmania.fr/article/bon-plan-magnifaik-coffret-flash-glam-embellisseur-blush-rouge-levres-69-75-euros-juillet-2026"
"🔥 Coffret Magnifaïk Plus que Parfait 2 à 116,90 €

Coffret Magnifaïk Plus que Parfait 2 à 116,90 € au lieu de 167,00 € (-30 %). Cumulable avec code -10 % newsletter. Contenu : Routine complète teint + yeux + lèvres. Marque Cristina Cordula française.

👉 https://bonsplansmania.fr/article/bon-plan-magnifaik-coffret-plus-que-parfait-2-routine-teint-yeux-levres-116-90-euros-juillet-2026","https://bonsplansmania.fr/images/articles/bon-plan-magnifaik-coffret-plus-que-parfait-2-routine-teint-yeux-levres-116-90-euros-juillet-2026.png","2026-07-10","09:45","https://bonsplansmania.fr/article/bon-plan-magnifaik-coffret-plus-que-parfait-2-routine-teint-yeux-levres-116-90-euros-juillet-2026"
"🔥 Coffret Magnifaïk Quick Routine Glow à 109,90 €

Coffret Magnifaïk Quick Routine & Glow à 109,90 € au lieu de 157,00 € (-30 %). Cumulable avec code -10 % newsletter. Contenu : Embellisseur + Fond de teint + Blush + Pinceau + Baume lift. Marque Cristina Cordula française.

👉 https://bonsplansmania.fr/article/bon-plan-magnifaik-coffret-quick-routine-glow-teint-blush-lift-109-90-euros-juillet-2026","https://bonsplansmania.fr/images/articles/bon-plan-magnifaik-coffret-quick-routine-glow-teint-blush-lift-109-90-euros-juillet-2026.png","2026-07-10","10:30","https://bonsplansmania.fr/article/bon-plan-magnifaik-coffret-quick-routine-glow-teint-blush-lift-109-90-euros-juillet-2026"
"🔥 Coffret Magnifaïk Regard Sublime à 39,90 € (-40%)

Coffret Magnifaïk Regard Sublime à 39,90 € au lieu de 66,00 € (-40 %). Cumulable avec code -10 % newsletter. Contenu : Mascara + Eyeliner Magnifaïk. Marque Cristina Cordula française.

👉 https://bonsplansmania.fr/article/bon-plan-magnifaik-coffret-regard-sublime-mascara-eyeliner-39-90-euros-juillet-2026","https://bonsplansmania.fr/images/articles/bon-plan-magnifaik-coffret-regard-sublime-mascara-eyeliner-39-90-euros-juillet-2026.png","2026-07-10","11:15","https://bonsplansmania.fr/article/bon-plan-magnifaik-coffret-regard-sublime-mascara-eyeliner-39-90-euros-juillet-2026"
"🔥 Coffret Magnifaïk Teint Parfait + Pinceau à 84,80 €

Coffret Magnifaïk Teint Parfait & Pinceau à 84,80 € au lieu de 106,00 € (-20 %). Cumulable avec code -10 % newsletter. Contenu : Fond de teint Juste Parfait + Embellisseur C'est la base + Pinceau. Marque Cristina Cordula française.

👉 https://bonsplansmania.fr/article/bon-plan-magnifaik-coffret-teint-parfait-pinceau-fond-teint-embellisseur-84-80-euros-juillet-2026","https://bonsplansmania.fr/images/articles/bon-plan-magnifaik-coffret-teint-parfait-pinceau-fond-teint-embellisseur-84-80-euros-juillet-2026.png","2026-07-10","12:00","https://bonsplansmania.fr/article/bon-plan-magnifaik-coffret-teint-parfait-pinceau-fond-teint-embellisseur-84-80-euros-juillet-2026"
"🔥 Bon Plan Amazon : Mascara Maybelline Sky High à 9,40 €

Le mascara viral Maybelline Lash Sensational Sky High à 9,40 € sur Amazon. Formule enrichie en fibres de bambou, effet cils XXL. Note 4,3/5 sur 58 129 avis.

👉 https://bonsplansmania.fr/article/bon-plan-maybelline-sky-high-mascara-9-euros-au-lieu-de-15","https://bonsplansmania.fr/images/articles/bon-plan-maybelline-sky-high-mascara-9-euros-au-lieu-de-15.png","2026-07-10","12:45","https://bonsplansmania.fr/article/bon-plan-maybelline-sky-high-mascara-9-euros-au-lieu-de-15"
"💰 Dr Pierre Ricaud : 4 codes promo + soldes jusqu'à -65 %

Planning complet des codes promo Dr Pierre Ricaud juillet 2026 : SOLDES10 (2-5/07), FRANCE10 (9-12/07), BEAUTE15 (16-19/07), ETE10 (23-26/07) + soldes Summer Days progressives jusqu'à -65 % (7-28 juillet). Cashback iGraal 5,5 %.

👉 https://bonsplansmania.fr/article/code-promo-dr-pierre-ricaud-mai-2026","https://bonsplansmania.fr/images/articles/code-promo-dr-pierre-ricaud-mai-2026.png","2026-07-10","13:30","https://bonsplansmania.fr/article/code-promo-dr-pierre-ricaud-mai-2026"
"🎉 Défi Déclic Cdiscount : jusqu'à 500 € en codes offerts (gratuit)

Concours Cdiscount Défi Déclic — jeu instant gagnant sans obligation d'achat du 1er juillet au 30 septembre 2026. 60 006 codes de réduction à gagner (jusqu'à 500 €), à utiliser jusqu'au 31 octobre 2026. Devine le mot du jour à partir des images, 1 participation gratuite par jour.

👉 https://bonsplansmania.fr/article/concours-cdiscount-defi-declic-instant-gagnant-code-reduction-500-euros-juillet-septembre-2026","https://bonsplansmania.fr/images/articles/concours-cdiscount-defi-declic-instant-gagnant-code-reduction-500-euros-juillet-septembre-2026.png","2026-07-10","14:15","https://bonsplansmania.fr/article/concours-cdiscount-defi-declic-instant-gagnant-code-reduction-500-euros-juillet-septembre-2026"
"🎉 Gagne un four à pizza Tefal + fromages (concours gratuit)

Concours Envie De Bien Manger « L'Opé Été 26 » du 2 juillet au 2 août 2026 : tente de gagner un four à pizza Tefal et un pack de fromages Lactalis (Président, Leerdammer, Société Roquefort, Galbani Mozzarella). Jeu 100 % gratuit sans obligation d'achat.

👉 https://bonsplansmania.fr/article/concours-envie-de-bien-manger-ope-ete-four-pizza-tefal-fromages-lactalis-juillet-aout-2026","https://bonsplansmania.fr/images/articles/concours-envie-de-bien-manger-ope-ete-four-pizza-tefal-fromages-lactalis-juillet-aout-2026.png","2026-07-10","15:00","https://bonsplansmania.fr/article/concours-envie-de-bien-manger-ope-ete-four-pizza-tefal-fromages-lactalis-juillet-aout-2026"
"🎉 Concours : séjour famille Puy du Fou 2 jours 1 nuit (529 €)

Jeu concours Saison : gagne un séjour famille au Puy du Fou (2 entrées adultes + 1 enfant, 2 journées + 1 nuit hôtel + spectacle nocturne) d'une valeur de 529,70 €. Gratuit sans obligation d'achat, participations jusqu'au 31 août 2026, tirage au sort le 4 septembre 2026.

👉 https://bonsplansmania.fr/article/concours-jeu-saison-sejour-famille-puy-du-fou-529-euros-mai-aout-2026","https://bonsplansmania.fr/images/articles/concours-jeu-saison-sejour-famille-puy-du-fou-529-euros-mai-aout-2026.png","2026-07-10","15:45","https://bonsplansmania.fr/article/concours-jeu-saison-sejour-famille-puy-du-fou-529-euros-mai-aout-2026"
"🎉 Grand Jeu Ricoré : 40 lots chicorée + tasse à gagner (gratuit)

Concours Ricoré Nestlé Goodnest du 1er juillet au 31 août 2026 : gagne 1 des 40 dotations composées d'un pot de chicorée nature Ricoré + 1 tasse Ricoré. Jeu instant gagnant 100 % gratuit sans obligation d'achat.

👉 https://bonsplansmania.fr/article/concours-ricore-chicoree-nature-tasse-nestle-goodnest-juillet-aout-2026","https://bonsplansmania.fr/images/articles/concours-ricore-chicoree-nature-tasse-nestle-goodnest-juillet-aout-2026.png","2026-07-10","16:30","https://bonsplansmania.fr/article/concours-ricore-chicoree-nature-tasse-nestle-goodnest-juillet-aout-2026"
"💄 Glowria : 4 routines beauté à 13 € sans engagement (303 €)

Glowria offre de l'été : la box Sunset to Sunrise + 3 routines (Garancia, Peau Parfaite, Corps) — 11 produits d'une valeur totale de 303 € pour 13 € (+ 4,90 € de port) en abonnement SANS engagement. Résiliable en 3 clics dès l'envoi du colis.

👉 https://bonsplansmania.fr/article/glowria-4-routines-13-euros-sans-engagement-sunset-sunrise-juillet-2026","https://bonsplansmania.fr/images/articles/glowria-4-routines-13-euros-sans-engagement-sunset-sunrise-juillet-2026.png","2026-07-10","17:15","https://bonsplansmania.fr/article/glowria-4-routines-13-euros-sans-engagement-sunset-sunrise-juillet-2026"
"🛍️ Dr Pierre Ricaud : 10 € offerts dès 60 € + jusqu'à 5,5 % iGraal

Hub bons plans Dr Pierre Ricaud juillet 2026 : 10 € offerts dès 60 € d'achat jusqu'au dimanche 5 juillet 2026 minuit + jusqu'à 5,5 % de cashback iGraal. Notre sélection de 10 soins iconiques (contour yeux, crème nuit Collector, SPF30, cure lifting, complément beauté in & out) pour maximiser la remise.

👉 https://bonsplansmania.fr/article/hub-bons-plans-dr-pierre-ricaud-juillet-2026-10-euros-offerts-des-60-euros","https://bonsplansmania.fr/images/articles/hub-bons-plans-dr-pierre-ricaud-juillet-2026-10-euros-offerts-des-60-euros.png","2026-07-10","18:00","https://bonsplansmania.fr/article/hub-bons-plans-dr-pierre-ricaud-juillet-2026-10-euros-offerts-des-60-euros"
"🛍️ Coffrets Magnifaïk : 7 pack Cristina Cordula à -20 à -40 %

Hub coffrets Magnifaïk juillet 2026 : 7 coffrets by Cristina Cordula à -20 à -40 % (Flash Glam, Teint Parfait, Essentiels SPF30, Embellisseur, Quick Routine Glow, Regard Sublime, Plus que Parfait 2). Code -10 % newsletter cumulable + cashback iGraal.

👉 https://bonsplansmania.fr/article/hub-coffrets-magnifaik-juillet-2026-cristina-cordula-newsletter-10-pourcent","https://bonsplansmania.fr/images/articles/hub-coffrets-magnifaik-juillet-2026-cristina-cordula-newsletter-10-pourcent.png","2026-07-10","18:45","https://bonsplansmania.fr/article/hub-coffrets-magnifaik-juillet-2026-cristina-cordula-newsletter-10-pourcent"
"🛍️ Lookfantastic : 17 stars beauté à petits & moyens prix

Hub bons plans Lookfantastic juillet 2026 : notre sélection de 17 stars beauté à petits et moyens prix — Sol de Janeiro Bom Dia, La Roche-Posay Anthelios, The Ordinary rétinol, YSL Blush, Olaplex No.7, NuFACE microcourant, Marc Jacobs Daisy et plus. Livraison offerte dès 25 € + cashback iGraal empilable.

👉 https://bonsplansmania.fr/article/hub-meilleurs-bons-plans-lookfantastic-juillet-2026-selection-editoriale","https://bonsplansmania.fr/images/articles/hub-meilleurs-bons-plans-lookfantastic-juillet-2026-selection-editoriale.png","2026-07-10","19:30","https://bonsplansmania.fr/article/hub-meilleurs-bons-plans-lookfantastic-juillet-2026-selection-editoriale"
"💄 Prescription Lab : 3 nouvelles box beauté à 12 € (valeur 231 €)

Offre exclusive Prescription Lab juillet 2026 : 3 nouvelles box (Algologie + Plein Sud + Just Love) = 15 produits full-size d'une valeur de 231 € pour seulement 12 €. Collaboration exclusive avec Algologie (actifs marins Algo 4®), Palais des Thés, Lazartigue, Antipodes, L'Atelier Parfum. Engagement 2 mois.

👉 https://bonsplansmania.fr/article/prescription-lab-3-nouvelles-box-12-euros-algologie-plein-sud-just-love-juillet-2026","https://bonsplansmania.fr/images/articles/prescription-lab-3-nouvelles-box-12-euros-algologie-plein-sud-just-love-juillet-2026.png","2026-07-10","20:15","https://bonsplansmania.fr/article/prescription-lab-3-nouvelles-box-12-euros-algologie-plein-sud-just-love-juillet-2026"
"⭐ Sérum Klairs Vitamin PDRN Bouncy Pore : mon avis honnête

Test & avis complet du Vitamin PDRN Bouncy Pore Serum de Dear, Klairs (35 ml, 17,85 € au lieu de 25,50 € sur Yesstyle, -30 %). Complexe PDRN d'origine végétale + vitamine C + peptides. Texture fluide non collante, éclat immédiat, peau plus rebondie.

👉 https://bonsplansmania.fr/article/test-avis-dear-klairs-vitamin-pdrn-bouncy-pore-serum-yesstyle-juillet-2026","https://bonsplansmania.fr/images/articles/test-avis-dear-klairs-vitamin-pdrn-bouncy-pore-serum-yesstyle-juillet-2026.png","2026-07-10","21:00","https://bonsplansmania.fr/article/test-avis-dear-klairs-vitamin-pdrn-bouncy-pore-serum-yesstyle-juillet-2026"
"🎉 Grand Jeu Cheerz 100% gagnant : album + SVR + séjour Yelloh!

Grand Jeu de l'Été Cheerz du 4 au 19 juillet 2026 : jeu instant gagnant 100 % gagnant. Album Voyage Cheerz (36,89 €), duos SVR (Sun Secure SPF50), séjour 7 nuits Yelloh! Village ou bon d'achat 7 € Cheerz pour tous. Sans obligation d'achat.

👉 https://bonsplansmania.fr/article/concours-cheerz-grand-jeu-ete-100-pourcent-gagnant-album-svr-yelloh-village-juillet-2026","https://bonsplansmania.fr/images/articles/concours-cheerz-grand-jeu-ete-100-pourcent-gagnant-album-svr-yelloh-village-juillet-2026.png","2026-07-11","08:15","https://bonsplansmania.fr/article/concours-cheerz-grand-jeu-ete-100-pourcent-gagnant-album-svr-yelloh-village-juillet-2026"
"🔥 Bioregena autobronzant bio 125 ml à 10,92 € (soldes -40 %)

Bon plan Léa Nature : autobronzant bioregena bio à 10,92 € au lieu de 18,2 € (-40 %). Marque Bioregena, made in France, bio.

👉 https://bonsplansmania.fr/article/bon-plan-lea-nature-bioregena-autobronzant-bio-125ml-10-92-euros-juillet-2026","https://bonsplansmania.fr/images/articles/bon-plan-lea-nature-bioregena-autobronzant-bio-125ml-10-92-euros-juillet-2026.png","2026-07-11","09:00","https://bonsplansmania.fr/article/bon-plan-lea-nature-bioregena-autobronzant-bio-125ml-10-92-euros-juillet-2026"
"🔥 Bioregena crème solaire bébé SPF50 40 ml bio à 10,20 €

Bon plan Léa Nature : crème solaire bébé bioregena spf50 à 10,2 € au lieu de 17 € (-40 %). Marque Bioregena, made in France, bio.

👉 https://bonsplansmania.fr/article/bon-plan-lea-nature-bioregena-creme-solaire-bebe-spf50-40ml-10-euros-juillet-2026","https://bonsplansmania.fr/images/articles/bon-plan-lea-nature-bioregena-creme-solaire-bebe-spf50-40ml-10-euros-juillet-2026.png","2026-07-11","09:45","https://bonsplansmania.fr/article/bon-plan-lea-nature-bioregena-creme-solaire-bebe-spf50-40ml-10-euros-juillet-2026"
"🔥 Bioregena crème solaire visage & zones délicates bio à 10,14 €

Bon plan Léa Nature : crème solaire visage bioregena bio à 10,14 € au lieu de 16,9 € (-40 %). Marque Bioregena, made in France, bio.

👉 https://bonsplansmania.fr/article/bon-plan-lea-nature-bioregena-creme-solaire-visage-zones-delicates-40ml-bio-10-euros-juillet-2026","https://bonsplansmania.fr/images/articles/bon-plan-lea-nature-bioregena-creme-solaire-visage-zones-delicates-40ml-bio-10-euros-juillet-2026.png","2026-07-11","10:30","https://bonsplansmania.fr/article/bon-plan-lea-nature-bioregena-creme-solaire-visage-zones-delicates-40ml-bio-10-euros-juillet-2026"
"🔥 Bioregena kit soleil essentiel bio à 30 €

Bon plan Léa Nature soldes : kit soleil essentiel bioregena Bioregena à 30 € au lieu de 38,5 € (-22 %). Bio, made in France, groupe Léa Nature.

👉 https://bonsplansmania.fr/article/bon-plan-lea-nature-bioregena-kit-soleil-essentiel-30-euros-juillet-2026","https://bonsplansmania.fr/images/articles/bon-plan-lea-nature-bioregena-kit-soleil-essentiel-30-euros-juillet-2026.png","2026-07-11","11:15","https://bonsplansmania.fr/article/bon-plan-lea-nature-bioregena-kit-soleil-essentiel-30-euros-juillet-2026"
"🔥 Spray solaire bio Bioregena SPF30 90 ml à 13,02 € (soldes -40 %)

Spray solaire Bioregena SPF30 bio adulte 90 ml à 13,02 € au lieu de 21,70 € sur Léa Nature (-40 %). Protection UV haute pour peaux claires et sensibles, filtres minéraux, formule bio, made in France.

👉 https://bonsplansmania.fr/article/bon-plan-lea-nature-bioregena-spray-solaire-spf30-adulte-90ml-13-euros-juillet-2026","https://bonsplansmania.fr/images/articles/bon-plan-lea-nature-bioregena-spray-solaire-spf30-adulte-90ml-13-euros-juillet-2026.png","2026-07-11","12:00","https://bonsplansmania.fr/article/bon-plan-lea-nature-bioregena-spray-solaire-spf30-adulte-90ml-13-euros-juillet-2026"
"🔥 Boho Green Beauty duo baume + gommage lèvres bio à 11,90 €

Bon plan Léa Nature soldes : duo baume + gommage lèvres Boho Green Beauty à 11,9 € au lieu de 15,9 € (-25 %). Bio, made in France, groupe Léa Nature.

👉 https://bonsplansmania.fr/article/bon-plan-lea-nature-boho-green-beauty-duo-baume-gommage-levres-11-90-euros-juillet-2026","https://bonsplansmania.fr/images/articles/bon-plan-lea-nature-boho-green-beauty-duo-baume-gommage-levres-11-90-euros-juillet-2026.png","2026-07-11","12:45","https://bonsplansmania.fr/article/bon-plan-lea-nature-boho-green-beauty-duo-baume-gommage-levres-11-90-euros-juillet-2026"
"🔥 Jonzac kit naissance bébé bio à 32,90 €

Bon plan Léa Nature soldes : kit naissance bébé jonzac Eau Thermale Jonzac à 32,9 € au lieu de 42,5 € (-23 %). Bio, made in France, groupe Léa Nature.

👉 https://bonsplansmania.fr/article/bon-plan-lea-nature-jonzac-kit-naissance-bebe-32-90-euros-juillet-2026","https://bonsplansmania.fr/images/articles/bon-plan-lea-nature-jonzac-kit-naissance-bebe-32-90-euros-juillet-2026.png","2026-07-11","13:30","https://bonsplansmania.fr/article/bon-plan-lea-nature-jonzac-kit-naissance-bebe-32-90-euros-juillet-2026"
"🔥 Jonzac liniment oléo-calcaire bébé 500 ml à 4,79 € (-58 %)

Bon plan Léa Nature : liniment doux jonzac bébé à 4,79 € au lieu de 11,4 € (-58 %). Marque Eau Thermale Jonzac, made in France, bio.

👉 https://bonsplansmania.fr/article/bon-plan-lea-nature-jonzac-liniment-doux-oleo-calcaire-bebe-500ml-4-79-euros-juillet-2026","https://bonsplansmania.fr/images/articles/bon-plan-lea-nature-jonzac-liniment-doux-oleo-calcaire-bebe-500ml-4-79-euros-juillet-2026.png","2026-07-11","14:15","https://bonsplansmania.fr/article/bon-plan-lea-nature-jonzac-liniment-doux-oleo-calcaire-bebe-500ml-4-79-euros-juillet-2026"
"🔥 Eau Thermale Jonzac routine homme bio à 36 €

Bon plan Léa Nature soldes : routine homme complète jonzac Eau Thermale Jonzac à 36 € au lieu de 45,4 € (-21 %). Bio, made in France, groupe Léa Nature.

👉 https://bonsplansmania.fr/article/bon-plan-lea-nature-jonzac-routine-homme-36-euros-juillet-2026","https://bonsplansmania.fr/images/articles/bon-plan-lea-nature-jonzac-routine-homme-36-euros-juillet-2026.png","2026-07-11","15:00","https://bonsplansmania.fr/article/bon-plan-lea-nature-jonzac-routine-homme-36-euros-juillet-2026"
"🔥 So Bio Etic combleur rides Lift'Grenade bio à 11,34 €

Bon plan Léa Nature soldes : combleur rides instantané lift'grenade So Bio Etic à 11,34 € au lieu de 16,2 € (-30 %). Bio, made in France, groupe Léa Nature.

👉 https://bonsplansmania.fr/article/bon-plan-lea-nature-so-bio-etic-combleur-rides-lift-grenade-11-34-euros-juillet-2026","https://bonsplansmania.fr/images/articles/bon-plan-lea-nature-so-bio-etic-combleur-rides-lift-grenade-11-34-euros-juillet-2026.png","2026-07-11","15:45","https://bonsplansmania.fr/article/bon-plan-lea-nature-so-bio-etic-combleur-rides-lift-grenade-11-34-euros-juillet-2026"
"🔥 So Bio Etic duo sérums anti-âge global bio à 28 €

Bon plan Léa Nature soldes : duo sérums anti-âge global So Bio Etic à 28 € au lieu de 35,9 € (-22 %). Bio, made in France, groupe Léa Nature.

👉 https://bonsplansmania.fr/article/bon-plan-lea-nature-so-bio-etic-duo-serums-anti-age-global-28-euros-juillet-2026","https://bonsplansmania.fr/images/articles/bon-plan-lea-nature-so-bio-etic-duo-serums-anti-age-global-28-euros-juillet-2026.png","2026-07-11","16:30","https://bonsplansmania.fr/article/bon-plan-lea-nature-so-bio-etic-duo-serums-anti-age-global-28-euros-juillet-2026"
"🔥 So Bio Etic kit 3 gels douche bio à 15 €

Bon plan Léa Nature soldes : kit 3 gels douche so bio etic So Bio Etic à 15 € au lieu de 17,6 € (-15 %). Bio, made in France, groupe Léa Nature.

👉 https://bonsplansmania.fr/article/bon-plan-lea-nature-so-bio-etic-kit-3-gels-douche-15-euros-juillet-2026","https://bonsplansmania.fr/images/articles/bon-plan-lea-nature-so-bio-etic-kit-3-gels-douche-15-euros-juillet-2026.png","2026-07-11","17:15","https://bonsplansmania.fr/article/bon-plan-lea-nature-so-bio-etic-kit-3-gels-douche-15-euros-juillet-2026"
"🔥 So Bio Etic routine boucles sublimes bio à 10 €

Bon plan Léa Nature soldes : routine boucles sublimes So Bio Etic à 10 € au lieu de 12,5 € (-20 %). Bio, made in France, groupe Léa Nature.

👉 https://bonsplansmania.fr/article/bon-plan-lea-nature-so-bio-etic-routine-boucles-sublimes-10-euros-juillet-2026","https://bonsplansmania.fr/images/articles/bon-plan-lea-nature-so-bio-etic-routine-boucles-sublimes-10-euros-juillet-2026.png","2026-07-11","18:00","https://bonsplansmania.fr/article/bon-plan-lea-nature-so-bio-etic-routine-boucles-sublimes-10-euros-juillet-2026"
"🔥 So Bio Etic routine cheveux karité bio à 15 €

Bon plan Léa Nature soldes : routine cheveux nourris karité bio So Bio Etic à 15 € au lieu de 18,65 € (-20 %). Bio, made in France, groupe Léa Nature.

👉 https://bonsplansmania.fr/article/bon-plan-lea-nature-so-bio-etic-routine-cheveux-karite-bio-15-euros-juillet-2026","https://bonsplansmania.fr/images/articles/bon-plan-lea-nature-so-bio-etic-routine-cheveux-karite-bio-15-euros-juillet-2026.png","2026-07-11","18:45","https://bonsplansmania.fr/article/bon-plan-lea-nature-so-bio-etic-routine-cheveux-karite-bio-15-euros-juillet-2026"
"🔥 So Bio Etic soin hydratant lissant éclat bio à 9,24 €

Bon plan Léa Nature soldes : soin hydratant lissant éclat So Bio Etic à 9,24 € au lieu de 13,2 € (-30 %). Bio, made in France, groupe Léa Nature.

👉 https://bonsplansmania.fr/article/bon-plan-lea-nature-so-bio-etic-soin-hydratant-lissant-eclat-9-24-euros-juillet-2026","https://bonsplansmania.fr/images/articles/bon-plan-lea-nature-so-bio-etic-soin-hydratant-lissant-eclat-9-24-euros-juillet-2026.png","2026-07-11","19:30","https://bonsplansmania.fr/article/bon-plan-lea-nature-so-bio-etic-soin-hydratant-lissant-eclat-9-24-euros-juillet-2026"
